<Template>
  <SetVariable name="Type">deck</SetVariable>
  <WidgetGroup>
    <ObjectName>DecksRight</ObjectName>
    <Layout>vertical</Layout>
    <SizePolicy>me,min</SizePolicy>
    <Children>

      <SingletonContainer>
        <ObjectName>Deck2_Src</ObjectName>
      </SingletonContainer>

      <WidgetGroup>
        <Layout>horizontal</Layout>
        <SizePolicy>me,min</SizePolicy>
        <Children>
          <SingletonContainer>
            <ObjectName>Deck4_Src</ObjectName>
          </SingletonContainer>
        </Children>
        <Connection>
          <ConfigKey>[Skin],show_4decks</ConfigKey>
          <BindProperty>visible</BindProperty>
        </Connection>
      </WidgetGroup>

    </Children>
  </WidgetGroup>
</Template>
