<!DOCTYPE template>
<!--
  Description:
    A standard knob used for Meta parameter of effect units.
  Variables:
    FxRack_FxUnit_FxNum : [EffectRack1_EffectUnitX_EffectY]
-->
<Template>
  <WidgetGroup>
    <Layout>horizontal</Layout>
    <ObjectName>FxMetaKnob</ObjectName>
    <SizePolicy>f,max</SizePolicy>
    <Children>
      <KnobComposed>
        <TooltipId>EffectSlot_metaknob</TooltipId>
        <Size>35f,30f</Size>
        <Knob>skin:/<Variable name="KnobScheme"/>/knobs/knob_indicator_small_<Variable name="KnobColor"/>.svg</Knob>
        <BackPath>skin:/<Variable name="KnobScheme"/>/knobs/knob_bg_small.svg</BackPath>
        <MinAngle><Variable name="PotiMinAngle"/></MinAngle>
        <MaxAngle><Variable name="PotiMaxAngle"/></MaxAngle>
        <KnobCenterYOffset>1.883</KnobCenterYOffset>
        <ArcRadius><Variable name="ArcRadius"/></ArcRadius>
        <ArcThickness><Variable name="ArcThickness"/></ArcThickness>
        <ArcRoundCaps><Variable name="ArcRoundCaps"/></ArcRoundCaps>
        <ArcColor><Variable name="ArcColorSuper"/></ArcColor>
        <ArcUnipolar>true</ArcUnipolar>
        <Connection>
          <ConfigKey>[<Variable name="FxRack_FxUnit_FxNum"/>],meta</ConfigKey>
        </Connection>
      </KnobComposed>
    </Children>
  </WidgetGroup>
</Template>
