<Template>
  <WidgetGroup>
    <Layout>vertical</Layout>
    <SizePolicy>max,min</SizePolicy>
    <Children>

      <!-- spacer to center channel controls without crossfader without
          stretching them -->
      <WidgetGroup><SizePolicy>min,e</SizePolicy></WidgetGroup>

      <WidgetGroup><!-- Channel controls -->
        <ObjectName>AlignHCenter</ObjectName>
        <SizePolicy>min,min</SizePolicy>
        <Layout>horizontal</Layout>
        <Children>

          <Template src="skin:/mixer/channel_left.xml">
            <SetVariable name="ChanNum">1</SetVariable>
            <SetVariable name="xfaderLeft">default</SetVariable>
            <SetVariable name="xfaderRight">warning</SetVariable>
          </Template>

          <WidgetGroup>
            <ObjectName></ObjectName>
            <Layout>vertical</Layout>
            <SizePolicy>max,max</SizePolicy>
            <Children>

              <WidgetGroup>
                <Size>100min,100f</Size>
                <Layout>horizontal</Layout>
                <Children>
                  <Label>
                    <ObjectName>LogoAkai</ObjectName>
                    <Size>74f,94f</Size>
                  </Label>
                </Children>
              </WidgetGroup>



              <SetVariable name="BtnType"><Variable name="SubRegion_BtnType"/></SetVariable>
              <SetVariable name="Group">[Master]</SetVariable>
              <SetVariable name="KnobBg">master</SetVariable>
              <SetVariable name="KnobIndicator">master</SetVariable>
              <SetVariable name="ArcRadius"><Variable name="ArcRadiusCompact"/></SetVariable>
              <SetVariable name="ArcThickness"><Variable name="ArcThicknessBig"/></SetVariable>

              <WidgetGroup>
                <Layout>horizontal</Layout>
                <SizePolicy>me,min</SizePolicy>
                <Children>

                  <Template src="skin:/controls/knob_with_label.xml">
                    <SetVariable name="TooltipId">headMix</SetVariable>
                    <SetVariable name="Size">35f,30f</SetVariable>
                    <SetVariable name="KnobColor">red</SetVariable>
                    <SetVariable name="ArcColor"><Variable name="ArcColorMstBal"/></SetVariable>
                    <SetVariable name="Control">headMix</SetVariable>
                    <SetVariable name="Label">Mix</SetVariable>
                  </Template>



                  <Template src="skin:/controls/knob_with_label.xml">
                    <SetVariable name="TooltipId">headphone_gain</SetVariable>
                    <SetVariable name="Size">35f,30f</SetVariable>
                    <SetVariable name="KnobColor">orange</SetVariable>
                    <SetVariable name="ArcColor"><Variable name="ArcColorGainLow"/></SetVariable>
                    <SetVariable name="ArcUnipolar">true</SetVariable>
                    <SetVariable name="Control">headGain</SetVariable>
                    <SetVariable name="Label">casque</SetVariable>
                  </Template>
                </Children>
              </WidgetGroup>

              <WidgetGroup>
                <ObjectName>pfl casque</ObjectName>
                <Layout>horizontal</Layout>
                <Size>0min,46f</Size>
                <Children>
                  <Template src="skin:/controls/button_2state.xml">
                    <SetVariable name="TooltipId">pfl</SetVariable>
                    <SetVariable name="ObjectName">PflButton</SetVariable>
                    <SetVariable name="Size">26f,26f</SetVariable>
                    <SetVariable name="BtnSize">square</SetVariable>
                    <SetVariable name="ConfigKey">[Channel1],pfl</SetVariable>
                  </Template>

                  <SetVariable name="BtnType"><Variable name="SubRegion_BtnType"/></SetVariable>
                  <SetVariable name="Group">[Master]</SetVariable>
                  <SetVariable name="KnobBg">master</SetVariable>
                  <SetVariable name="KnobIndicator">master</SetVariable>
                  <SetVariable name="ArcRadius"><Variable name="ArcRadiusCompact"/></SetVariable>
                  <SetVariable name="ArcThickness"><Variable name="ArcThicknessBig"/></SetVariable>

                  <Template src="skin:/controls/knob_with_label.xml">
                    <SetVariable name="TooltipId">master_gain</SetVariable>
                    <SetVariable name="Size">35f,30f</SetVariable>
                    <SetVariable name="KnobColor">orange</SetVariable>
                    <SetVariable name="ArcColor"><Variable name="ArcColorGainLow"/></SetVariable>
                    <SetVariable name="ArcUnipolar">true</SetVariable>
                    <SetVariable name="Control">gain</SetVariable>
                    <SetVariable name="Label">Main</SetVariable>
                  </Template>




                  <!-- <WidgetGroup><Size>3f,0min</Size></WidgetGroup> -->

                  
                  <Template src="skin:/controls/button_2state.xml">
                    <SetVariable name="TooltipId">pfl</SetVariable>
                    <SetVariable name="ObjectName">PflButton</SetVariable>
                    <SetVariable name="Size">26f,26f</SetVariable>
                    <SetVariable name="BtnSize">square</SetVariable>
                    <SetVariable name="ConfigKey">[Channel2],pfl</SetVariable>
                  </Template>
                </Children>
              </WidgetGroup>

              

              <!-- <WidgetGroup><Size>1min,43f</Size></WidgetGroup> -->

              <WidgetGroup>
                <ObjectName>VuMeterBoxFull</ObjectName>
                <Layout>horizontal</Layout>
                <SizePolicy>min,min</SizePolicy>
                <Children>
                  <SingletonContainer>
                    <ObjectName>VuMeterChannel1</ObjectName>
                  </SingletonContainer>
                  <WidgetGroup><Size>7f,0min</Size></WidgetGroup>
                  <SingletonContainer>
                    <ObjectName>VuMeterMaster_Dark</ObjectName>
                  </SingletonContainer>
                  <WidgetGroup><Size>7f,0min</Size></WidgetGroup>
                  <SingletonContainer>
                    <ObjectName>VuMeterChannel2</ObjectName>
                  </SingletonContainer>
                </Children>
              </WidgetGroup>

              <WidgetGroup><Size>1min,3f</Size></WidgetGroup>


              <!-- <WidgetGroup>
                <ObjectName>pfl casque</ObjectName>
                <Layout>horizontal</Layout>
                <Size>0min,26f</Size>
                <Children>
                  <Template src="skin:/controls/button_2state.xml">
                    <SetVariable name="TooltipId">pfl</SetVariable>
                    <SetVariable name="ObjectName">PflButton</SetVariable>
                    <SetVariable name="Size">26f,26f</SetVariable>
                    <SetVariable name="BtnSize">square</SetVariable>
                    <SetVariable name="ConfigKey">[Channel1],pfl</SetVariable>
                  </Template>
                  <WidgetGroup><Size>3f,0min</Size></WidgetGroup>
                  <Template src="skin:/controls/button_2state.xml">
                    <SetVariable name="TooltipId">pfl</SetVariable>
                    <SetVariable name="ObjectName">PflButton</SetVariable>
                    <SetVariable name="Size">26f,26f</SetVariable>
                    <SetVariable name="BtnSize">square</SetVariable>
                    <SetVariable name="ConfigKey">[Channel2],pfl</SetVariable>
                  </Template>
                </Children>
              </WidgetGroup> -->

              
              
            </Children>
          </WidgetGroup>

          <Template src="skin:/mixer/channel_right.xml">
            <SetVariable name="ChanNum">2</SetVariable>
            <SetVariable name="xfaderLeft">warning</SetVariable>
            <SetVariable name="xfaderRight">default</SetVariable>
          </Template>

        </Children>
      </WidgetGroup><!-- /Channel controls -->

      <WidgetGroup><SizePolicy>min,e</SizePolicy></WidgetGroup>

      <WidgetGroup><!-- Crossfader + Channel1/2 assign switches -->
        <ObjectName>CrossfaderAndSwitches2Decks</ObjectName>
        <Layout>horizontal</Layout>
        <Children>

          <!-- center xfader buttons below EQ knobs -->
          <WidgetGroup>
            <Layout>horizontal</Layout>
            <SizePolicy>min,min</SizePolicy>
            <Children>
              <WidgetGroup><Size>2f,0min</Size></WidgetGroup>
              <WidgetGroup>
                <Size>18f,0min</Size>
                <Connection>
                  <ConfigKey persist="true">[Skin],show_eq_kill_buttons</ConfigKey>
                  <BindProperty>visible</BindProperty>
                </Connection>
              </WidgetGroup>
            </Children>
            <Connection>
              <ConfigKey persist="true">[Skin],show_eq_knobs</ConfigKey>
              <BindProperty>visible</BindProperty>
            </Connection>
          </WidgetGroup>

          <!-- Channel1 xfader switch -->
          <!-- <WidgetGroup>
            <Layout>vertical</Layout>
            <SizePolicy>min,min</SizePolicy>
            <Children>
              <WidgetGroup><Size>min,2f</Size></WidgetGroup>
              <Template src="skin:/controls/button_xfader_deck.xml">
                <SetVariable name="Group">[Channel1]</SetVariable>
                <SetVariable name="xfaderLeft">default</SetVariable>
                <SetVariable name="xfaderRight">warning</SetVariable>
              </Template>
              <WidgetGroup><Size>min,me</Size></WidgetGroup>
            </Children>
          </WidgetGroup> -->
          
          <!-- /Channel1 xfader switch -->

          

          <WidgetGroup><Size>0me,0min</Size></WidgetGroup>

          <!--  Regular crossfader for
                * 2 decks with EQ knobs visible
                * 4 decks
                Narrow crossfader for
                * 2 decks with EQ knobs hidden -->
          <WidgetGroup>
            <ObjectName>CrossfaderContainer</ObjectName>
            <Layout>horizontal</Layout>
            <SizePolicy>min,min</SizePolicy>
            <Children>

              <WidgetGroup><!-- with EQ knobs -->
                <Layout>horizontal</Layout>
                <SizePolicy>max,min</SizePolicy>
                <Children>
                  <SingletonContainer>
                    <ObjectName>CrossfaderSingleton</ObjectName>
                  </SingletonContainer>
                </Children>
                <Connection>
                  <ConfigKey persist="true">[Skin],show_eq_knobs</ConfigKey>
                  <BindProperty>visible</BindProperty>
                </Connection>

                <Template>
  <SetVariable name="BtnType"><Variable name="SubRegion_BtnType"/></SetVariable>
  <SetVariable name="Group">[Master]</SetVariable>
  <SetVariable name="KnobBg">master</SetVariable>
  <SetVariable name="KnobIndicator">master</SetVariable>
  <SetVariable name="ArcRadius"><Variable name="ArcRadiusCompact"/></SetVariable>
  <SetVariable name="ArcThickness"><Variable name="ArcThicknessBig"/></SetVariable>

  <WidgetGroup>
    <SizePolicy>max,min</SizePolicy>
    <Layout>vertical</Layout>
    <Children>

        <!--sized and styled in css -->
      <WidgetGroup>
        <ObjectName>MasterMixerSeparator</ObjectName>
        <Layout>horizontal</Layout>
        <Children/>
      </WidgetGroup>

      <WidgetGroup>
        <ObjectName>MixerMasterHeadphone</ObjectName>
        <SizePolicy>min,min</SizePolicy>
        <Layout>horizontal</Layout>
        <Children>

          <WidgetGroup>
            <ObjectName>MasterControls</ObjectName>
            <SizePolicy>min,me</SizePolicy>
            <Layout>vertical</Layout>
            <Children>

              <WidgetGroup>
                <MinimumSize>0,0</MinimumSize>
                <MaximumSize>,20</MaximumSize>
                <SizePolicy>min,me</SizePolicy>
              </WidgetGroup>

              <!-- Master knobs
                  Labels are separate so knobs are spaced equally -->

        

              <WidgetGroup>
                <Layout>horizontal</Layout>
                <SizePolicy>min,min</SizePolicy>
                <Children>
                  <WidgetGroup>
                    <Layout>horizontal</Layout>
                    <SizePolicy>me,min</SizePolicy>
                    <Children>
                      <Template src="skin:/controls/knob_with_label.xml">
                        <SetVariable name="TooltipId">master_gain</SetVariable>
                        <SetVariable name="Size">35f,30f</SetVariable>
                        <SetVariable name="KnobColor">orange</SetVariable>
                        <SetVariable name="ArcColor"><Variable name="ArcColorGainLow"/></SetVariable>
                        <SetVariable name="ArcUnipolar">true</SetVariable>
                        <SetVariable name="Control">gain</SetVariable>
                        <SetVariable name="Label">Main</SetVariable>
                      </Template>
                    </Children>
                  </WidgetGroup>

                  <WidgetGroup>
                    <Layout>horizontal</Layout>
                    <SizePolicy>me,min</SizePolicy>
                    <Children>
                      <Template src="skin:/controls/knob_with_label.xml">
                        <SetVariable name="TooltipId">balance</SetVariable>
                        <SetVariable name="Size">35f,30f</SetVariable>
                        <SetVariable name="KnobColor">red</SetVariable>
                        <SetVariable name="ArcColor"><Variable name="ArcColorMstBal"/></SetVariable>
                        <SetVariable name="Control">balance</SetVariable>
                        <SetVariable name="Label"> Bal</SetVariable>
                      </Template>
                    </Children>
                  </WidgetGroup>
                </Children>
              </WidgetGroup>

              <WidgetGroup>
                <MinimumSize>0,0</MinimumSize>
                <MaximumSize>,2</MaximumSize>
                <SizePolicy>min,me</SizePolicy>
              </WidgetGroup>

              <WidgetGroup>
                <ObjectName>BoothKnobBox</ObjectName>
                <Layout>horizontal</Layout>
                <SizePolicy>min,min</SizePolicy>
                <Children>
                  <WidgetGroup><Size>5f,0min</Size></WidgetGroup>
                  <Template src="skin:/controls/knob.xml">
                    <SetVariable name="TooltipId">booth_gain</SetVariable>
                    <SetVariable name="Size">35f,30f</SetVariable>
                    <SetVariable name="KnobColor">orange</SetVariable>
                    <SetVariable name="ArcColor"><Variable name="ArcColorGainLow"/></SetVariable>
                    <SetVariable name="ArcUnipolar">true</SetVariable>
                    <SetVariable name="Control">booth_gain</SetVariable>
                  </Template>
                  <WidgetGroup>
                    <ObjectName>BoothLabelBox</ObjectName>
                    <Layout>vertical</Layout>
                    <SizePolicy>me,min</SizePolicy>
                    <Children>
                      <Label>
                        <ObjectName>KnobLabel</ObjectName>
                        <SizePolicy>max,max</SizePolicy>
                        <Alignment>left</Alignment>
                        <Text>Booth</Text>
                      </Label>
                    </Children>

                    <!-- BoothLabelBox -->
                  </WidgetGroup>
                </Children>
                <Connection>
                  <ConfigKey>[Master],booth_enabled</ConfigKey>
                  <BindProperty>visible</BindProperty>
                </Connection>
              </WidgetGroup>
              <!-- BoothKnobBox -->

              <WidgetGroup>
                <MinimumSize>0,2</MinimumSize>
                <MaximumSize>,20</MaximumSize>
                <SizePolicy>min,me</SizePolicy>
              </WidgetGroup>

              <WidgetGroup>
                <ObjectName>AlignCenter</ObjectName>
                <Layout>vertical</Layout>
                <SizePolicy>min,min</SizePolicy>
                <Children>
                  <Template src="skin:/fx/assign_buttons_master.xml">
                    <SetVariable name="Type">master</SetVariable>
                  </Template>
                </Children>
              </WidgetGroup>

              <WidgetGroup>
                <Layout>vertical</Layout>
                <SizePolicy>min,min</SizePolicy>
                <Children>

                  <WidgetGroup>
                    <MinimumSize>0,10</MinimumSize>
                    <MaximumSize>,10</MaximumSize>
                    <SizePolicy>min,me</SizePolicy>
                  </WidgetGroup>

                  <WidgetGroup>
                    <ObjectName>VuMeterMaster_4Decks</ObjectName>
                    <Layout>horizontal</Layout>
                    <SizePolicy>max,max</SizePolicy>
                    <Children>
                      <SingletonContainer>
                        <ObjectName>VuMeterMaster_Light</ObjectName>
                      </SingletonContainer>
                    </Children>
                  </WidgetGroup>
                  <!-- VuMeterMaster_4Decks -->

                  <WidgetGroup>
                    <MinimumSize>0,20</MinimumSize>
                    <MaximumSize>,20</MaximumSize>
                    <SizePolicy>min,me</SizePolicy>
                  </WidgetGroup>

                </Children>
                <Connection>
                  <ConfigKey persist="true">[Skin],show_4decks</ConfigKey>
                  <BindProperty>visible</BindProperty>
                </Connection>
              </WidgetGroup>
              <!-- /MasterVuMeter4ch -->

            </Children>
          </WidgetGroup>
          <!-- MasterControls -->

          <!-- sized and styled in css -->
          <WidgetGroup>
            <ObjectName>MasterHeadphoneSeparator</ObjectName>
            <Layout>horizontal</Layout>
            <Children/>
          </WidgetGroup>

          <WidgetGroup>
            <ObjectName>HeadphoneControls</ObjectName>
            <SizePolicy>min,min</SizePolicy>
            <Layout>vertical</Layout>
            <Children>

              <WidgetGroup>
                <MinimumSize>0,0</MinimumSize>
                <!-- <MaximumSize>,20</MaximumSize> -->
                <SizePolicy>min,me</SizePolicy>
              </WidgetGroup>

              <!-- Headphone knobs -->
              <WidgetGroup>
                <Layout>horizontal</Layout>
                <SizePolicy>min,min</SizePolicy>
                <Children>
                  <WidgetGroup>
                    <Layout>horizontal</Layout>
                    <SizePolicy>me,min</SizePolicy>
                    <Children>
                      <Template src="skin:/controls/knob_with_label.xml">
                        <SetVariable name="TooltipId">headphone_gain</SetVariable>
                        <SetVariable name="Size">35f,30f</SetVariable>
                        <SetVariable name="KnobColor">orange</SetVariable>
                        <SetVariable name="ArcColor"><Variable name="ArcColorGainLow"/></SetVariable>
                        <SetVariable name="ArcUnipolar">true</SetVariable>
                        <SetVariable name="Control">headGain</SetVariable>
                        <SetVariable name="Label">casque</SetVariable>
                      </Template>
                    </Children>
                  </WidgetGroup>


                  <WidgetGroup><Size>0min,0me</Size></WidgetGroup>

                  <WidgetGroup>
                    <Layout>horizontal</Layout>
                    <SizePolicy>me,min</SizePolicy>
                    <Children>
                      <Template src="skin:/controls/knob_with_label.xml">
                        <SetVariable name="TooltipId">headMix</SetVariable>
                        <SetVariable name="Size">35f,30f</SetVariable>
                        <SetVariable name="KnobColor">red</SetVariable>
                        <SetVariable name="ArcColor"><Variable name="ArcColorMstBal"/></SetVariable>
                        <SetVariable name="Control">headMix</SetVariable>
                        <SetVariable name="Label">Mix</SetVariable>
                      </Template>
                    </Children>
                  </WidgetGroup>
                </Children>
              </WidgetGroup>

              <WidgetGroup>
                <MinimumSize>0,0</MinimumSize>
                <MaximumSize>,5</MaximumSize>
                <SizePolicy>min,me</SizePolicy>
              </WidgetGroup>
              <!-- HeadSplit button -->
              <!-- <WidgetGroup>
                <Layout>horizontal</Layout>
                <SizePolicy>me,min</SizePolicy>
                <Children>
                  <PushButton>
                    <TooltipId>headSplit</TooltipId>
                    <ObjectName>SplitCue</ObjectName>
                    <Size>48f,22f</Size>
                    <NumberStates>2</NumberStates>
                    <RightClickIsPushButton>false</RightClickIsPushButton>
                    <State>
                      <Number>0</Number>
                      <Unpressed scalemode="STRETCH">skin:/<Variable name="BtnScheme"/>/buttons/btn_<Variable name="BtnType"/>_sync.svg</Unpressed>
                      <Pressed scalemode="STRETCH">skin:/<Variable name="BtnScheme"/>/buttons/btn_<Variable name="BtnType"/>_sync.svg</Pressed>
                    </State>
                    <State>
                      <Number>1</Number>
                      <Unpressed scalemode="STRETCH">skin:/<Variable name="BtnScheme"/>/buttons/btn_<Variable name="BtnType"/>_sync_active.svg</Unpressed>
                      <Pressed scalemode="STRETCH">skin:/<Variable name="BtnScheme"/>/buttons/btn_<Variable name="BtnType"/>_sync_active.svg</Pressed>
                    </State>
                    <Connection>
                      <ConfigKey>[Master],headSplit</ConfigKey>
                      <ButtonState>LeftButton</ButtonState>
                    </Connection>
                  </PushButton>
                </Children>
              </WidgetGroup> -->

              <WidgetGroup>
                <MinimumSize>0,2</MinimumSize>
                <MaximumSize>,5</MaximumSize>
                <SizePolicy>min,me</SizePolicy>
              </WidgetGroup>

              <WidgetGroup>
                <ObjectName>AlignCenter</ObjectName>
                <Layout>vertical</Layout>
                <SizePolicy>min,min</SizePolicy>
                <Children>
                  <Template src="skin:/fx/assign_buttons_master.xml">
                    <SetVariable name="Group">[Headphone]</SetVariable>
                    <SetVariable name="Type">headphones</SetVariable>
                  </Template>
                </Children>
              </WidgetGroup>

              <WidgetGroup><Size>0min,0me</Size></WidgetGroup>

            </Children>

            <!-- HeadphoneControls -->
          </WidgetGroup>

        </Children>
      
        <!-- MixerMasterHeadphone -->
      </WidgetGroup>

    </Children>
    <Connection>
      <ConfigKey persist="true">[Skin],show_main_head_mixer</ConfigKey>
      <BindProperty>visible</BindProperty>
    </Connection>
  </WidgetGroup>
</Template>




              </WidgetGroup>


              <SliderComposed><!-- without EQ knobs -->
                <TooltipId>crossfader</TooltipId>
                <Size>85f,40f</Size>
                <Handle scalemode="STRETCH_ASPECT">skin:/<Variable name="SliderScheme"/>/sliders/knob_crossfader.svg</Handle>
                <Slider scalemode="STRETCH_ASPECT">skin:/<Variable name="SliderScheme"/>/sliders/slider_crossfader_small.svg</Slider>
                <Horizontal>true</Horizontal>
                <BarColor><Variable name="BarColorCrossfader"/></BarColor>
                <BarWidth><Variable name="BarWidth"/></BarWidth>
                <BarMargins><Variable name="BarMarginCrossfader"/></BarMargins>
                <BarMargins><Variable name="BarMarginVolume"/></BarMargins>
                <BarRoundCaps>true</BarRoundCaps>
                <BarAxisPos>19.0</BarAxisPos>
                <BarUnipolar>false</BarUnipolar>
                <Connection>
                  <ConfigKey>[Master],crossfader</ConfigKey>
                </Connection>
                <Connection>
                  <ConfigKey persist="true">[Skin],show_eq_knobs</ConfigKey>
                  <BindProperty>visible</BindProperty>
                  <Transform><Not/></Transform>
                </Connection>
              </SliderComposed>

            </Children>
          </WidgetGroup>
          
          <!-- CrossfaderContainer -->

          <WidgetGroup><Size>0me,0min</Size></WidgetGroup>

          <!-- Channel2 xfader switch -->

          <!-- <WidgetGroup>
            <ObjectName>AlignLeft</ObjectName>
            <Layout>vertical</Layout>
            <SizePolicy>min,min</SizePolicy>
            <Children>
              <WidgetGroup><Size>min,2f</Size></WidgetGroup>
              <Template src="skin:/controls/button_xfader_deck.xml">
                <SetVariable name="Group">[Channel2]</SetVariable>
                <SetVariable name="xfaderLeft">warning</SetVariable>
                <SetVariable name="xfaderRight">default</SetVariable>
              </Template>
              <WidgetGroup><Size>min,me</Size></WidgetGroup>
            </Children>
          </WidgetGroup> -->
          
          <!-- /Channel2 xfader switch -->

          <!-- center xfader buttons below EQ knobs -->
          <WidgetGroup>
            <Layout>horizontal</Layout>
            <SizePolicy>min,min</SizePolicy>
            <Children>
              <WidgetGroup><Size>2f,0min</Size></WidgetGroup>
              <WidgetGroup>
                <Size>18f,0min</Size>
                <Connection>
                  <ConfigKey persist="true">[Skin],show_eq_kill_buttons</ConfigKey>
                  <BindProperty>visible</BindProperty>
                </Connection>
              </WidgetGroup>
            </Children>
            <Connection>
              <ConfigKey persist="true">[Skin],show_eq_knobs</ConfigKey>
              <BindProperty>visible</BindProperty>
            </Connection>
          </WidgetGroup>

        </Children>
        <Connection>
          <ConfigKey persist="true">[Skin],show_xfader</ConfigKey>
          <BindProperty>visible</BindProperty>
        </Connection>
      </WidgetGroup><!-- /Crossfader + Channel1/2 assign switches -->

      <!-- spacer to center channel controls without crossfader without
          stretching them -->
      <WidgetGroup><SizePolicy>min,e</SizePolicy></WidgetGroup>

    </Children>
    <Connection>
      <ConfigKey persist="true">[Skin],show_4decks</ConfigKey>
      <Transform><Not/></Transform>
      <BindProperty>visible</BindProperty>
    </Connection>
  </WidgetGroup><!-- MixerDecks -->
</Template>
